name,DefaultSiteCode,SiteSystemCount
nwh,Missing
wha,Missing
dhh,Missing
SPH,Missing
nhp,Missing
hnt,Missing
rhc,Missing
FHP,Missing
CIG,Missing
SCH,Missing
NBH,Missing
uha,Missing
clh,Missing
lhp,Missing
pmp,Missing
SMH,Missing
UHN,Missing
vhi,Missing
ich,Missing
uam,Missing
shp,Missing
swh,Missing
dhp,Missing
AHP,Missing
GHP,Missing
vhp,Missing
ils,Missing
IHP,Missing
csh,Missing
mmm,Missing
php,Missing
cmb,Missing
ahw,Missing
txc,Missing
bcn,Missing
mhh,Missing
fal,Missing
wmk,Missing
cust,Missing
CWH,Missing
demo,Missing
EMB,Missing
hsn,Missing
lac,Missing
bri,Missing
qca,Missing
VPH,Missing
cvs,Missing
slb,Missing
SDB,Missing
QIC,Missing
