Server,Status
ABN-CVS-XEN-T08.CVS.tzghsp.net,Not Found in SCCM
ABN-TPZ-XEN-D02.TPZ.tzghosting.net,Deleted
ABN-TPZ-XEN-D04.TPZ.tzghosting.net,Deleted
ABN-TPZ-XEN-D05.TPZ.tzghosting.net,Deleted
ABN-TPZ-XEN-D06.TPZ.tzghosting.net,Deleted
ABN-TPZ-XEN-T01.topaz.tpzhsp.net,Deleted
ABN-TPZ-XEN-T39.topaz.tpzhsp.net,Deleted
ABN-TPZ-XEN-T41.topaz.tpzhsp.net,Deleted
ABN-TPZ-XEN-T47.TPZ.tzghosting.net,Deleted
ABN-TPZ-XEN-T51.TPZ.tzghosting.net,Deleted
ABN-TPZ-XEN-T54.TPZ.tzghosting.net,Deleted
ABN-TPZ-XEN-T55.TPZ.tzghosting.net,Deleted
ABN-TPZ-XEN-T60.topaz.tpzhsp.net,Not Found in SCCM
ABN-TPZ-XEN-T73.topaz.tpzhsp.net,Deleted
ABN-TPZ-XEN-T74.topaz.tpzhsp.net,Not Found in SCCM
ABN-TPZ-XEN-T75.topaz.tpzhsp.net,Deleted
ABN-TPZ-XEN-T76.topaz.tpzhsp.net,Deleted
ABN-TPZ-XEN-T79.topaz.tpzhsp.net,Not Found in SCCM
ABN-TPZ-XEN-T82.topaz.tpzhsp.net,Deleted
ABN-TPZ-XEN-T87.topaz.tpzhsp.net,Deleted
ABN-TPZ-XEN-T91.topaz.tpzhsp.net,Deleted
ABN-TPZ-XEN-T92.topaz.tpzhsp.net,Deleted
ABN-TPZ-XEN-T93.topaz.tpzhsp.net,Deleted
ABN-TPZ-XEN-T96.topaz.tpzhsp.net,Deleted
ABN-TPZ-XEN-TA3.topaz.tpzhsp.net,Deleted
ABN-TPZ-XEN-TB1.topaz.tpzhsp.net,Deleted
ABN-TPZ-XEN-TB2.topaz.tpzhsp.net,Deleted
ABN-TPZ-XEN-TB3.topaz.tpzhsp.net,Deleted
ABN-TPZ-XEN-TB6.topaz.tpzhsp.net,Deleted
ABN-TPZ-XEN-TB9.topaz.tpzhsp.net,Deleted
ABN-TPZ-XEN-TC1.topaz.tpzhsp.net,Deleted
ABN-TPZ-XEN-TC2.topaz.tpzhsp.net,Deleted
ABN-TPZ-XEN-V09.TPZ.tzghosting.net,Deleted
ABN-WMK-APP-EIM.WMK.tzghosting.net,Deleted
ABN-WMK-APP-T22.WMK.tzghosting.net,Deleted
ABN-OHD-APP-D19.custhsp.tzghosting.net,Deleted
ABN-BRI-XEN-T02.BRI.tzghosting.net,Deleted
ABN-CMB-XEN-T09.CMB.tzghosting.net,Deleted
ABN-CMC-XEN-D01.CMC.tzghosting.net,Deleted
ABN-MHP-APP-T05.MHP.tzghosting.net,Deleted
ABN-SVC-PLT-02.services.tzghosting.net,Deleted
ABN-SVC-SQL-07.services.tzghosting.net,Not Found in SCCM
ABN-THF-EFTP-07.custft.tzghosting.net,Not Found in SCCM
ABN-TZF-APP-T04.saas.tzghosting.net,Deleted
