DeviceCollection,Server
RemediationSpectreMeltdown,abn-thd-dc-01.tzghsp.net
RemediationSpectreMeltdown,abn-thd-dc-02.tzghsp.net
RemediationSpectreMeltdown,abn-oim-app-t03.services.tzghosting.net
RemediationSpectreMeltdown,abn-tzg-app-t12.services.tzghosting.net
RemediationSpectreMeltdown,abn-tzg-biz-t05.services.tzghosting.net
RemediationSpectreMeltdown,abn-tzg-hub-t05.services.tzghosting.net
RemediationSpectreMeltdown,abn-tzg-xpd-02.services.tzghosting.net
RemediationSpectreMeltdown,abn-tzg-xpd-08.services.tzghosting.net
RemediationSpectreMeltdown,abn-tzg-xpd-09.services.tzghosting.net
RemediationSpectreMeltdown,abn-tzg-xpd-11.services.tzghosting.net
RemediationSpectreMeltdown,abn-tzg-xpd-12.services.tzghosting.net
RemediationSpectreMeltdown,abn-tzg-fhg-t01.services.tzghosting.net
RemediationSpectreMeltdown,abn-tzg-nbu-a01.services.tzghosting.net
RemediationSpectreMeltdown,abn-ems-dbm-01.services.tzghosting.net
RemediationSpectreMeltdown,abn-thf-dc-02.custft.tzghosting.net
RemediationSpectreMeltdown,abn-ohd-was-t10.custhsp.tzghosting.net
RemediationSpectreMeltdown,abn-ohd-was-t03.custhsp.tzghosting.net
RemediationSpectreMeltdown,abn-ohd-was-t05.custhsp.tzghosting.net
RemediationSpectreMeltdown,abn-ohd-app-t33.custhsp.tzghosting.net
RemediationSpectreMeltdown,abnbncwebt10new.custhsp.tzghosting.net
RemediationSpectreMeltdown,abnbncsqlt16new.custhsp.tzghosting.net
RemediationSpectreMeltdown,abn-smh-dc-01.smh.tzghosting.net
RemediationSpectreMeltdown,abn-smh-dc-02.smh.tzghosting.net
RemediationSpectreMeltdown,abn-xat-adc-02.lhp.tzghosting.net
RemediationSpectreMeltdown,abn-rhc-dc-01.rhc.tzghosting.net
RemediationSpectreMeltdown,abn-rhc-dc-02.rhc.tzghosting.net
RemediationSpectreMeltdown,abn-rhc-dfs-01.rhc.tzghosting.net
RemediationSpectreMeltdown,abn-cvs-app-d01.cvs.tzghsp.net
RemediationSpectreMeltdown,abn-tpz-fhg-t01.topaz.tpzhsp.net
RemediationSpectreMeltdown,abn-kmh-xen-t03.kmh.tzghosting.net
RemediationSpectreMeltdown,abn-clr-ihm-t01.cust.tzghsp.net
RemediationSpectreMeltdown,abncipsqlt03new.cust.tzghsp.net
RemediationSpectreMeltdown,abncipsqlt04new.cust.tzghsp.net
RemediationSpectreMeltdown,abn-ui03-tom-01.demo.tzghosting.net
RemediationSpectreMeltdown,abn-ui03-was-03.demo.tzghosting.net
RemediationSpectreMeltdown,abn-lac-web-01.lac.tzghosting.net
RemediationSpectreMeltdown,abnlacwebt29new.lac.tzghosting.net
RemediationSpectreMeltdown,abn-ohd-dc-01.ohd.tzghosting.net
RemediationSpectreMeltdown,abn-ohd-dc-02.ohd.tzghosting.net
RemediationSpectreMeltdown,abn-ils-sql-t03.ils.tzghosting.net
RemediationSpectreMeltdown,abn-qca-dc-01.qca.tzghosting.net
RemediationSpectreMeltdown,abn-qca-dc-02.qca.tzghosting.net
RemediationSpectreMeltdown,abn-slb-dc-01.slb.tzghosting.net
RemediationSpectreMeltdown,abn-slb-dc-02.slb.tzghosting.net
RemediationSpectreMeltdown,abn-slb-dfs-01.slb.tzghosting.net
RemediationSpectreMeltdown,abn-slb-web-t01.slb.tzghosting.net
RemediationSpectreMeltdown,abn-slb-app-d04.slb.tzghosting.net
RemediationSpectreMeltdown,abn-slb-app-t04.slb.tzghosting.net
RemediationSpectreMeltdown,abn-slb-app-d03.slb.tzghosting.net
RemediationSpectreMeltdown,abn-slb-hub-d01.slb.tzghosting.net
RemediationSpectreMeltdown,abn-slb-biz-d01.slb.tzghosting.net
RemediationSpectreMeltdown,abn-slb-app-t01.slb.tzghosting.net
RemediationSpectreMeltdown,abn-slb-hub-t01.slb.tzghosting.net
RemediationSpectreMeltdown,abn-slb-biz-t01.slb.tzghosting.net
RemediationSpectreMeltdown,abn-pmp-dc-01.pmp.tzghosting.net
RemediationSpectreMeltdown,abn-pmp-dc-02.pmp.tzghosting.net
RemediationSpectreMeltdown,abn-wha-cwi-02.wha.tzghosting.net
RemediationSpectreMeltdown,abn-tpz-cwi-02.tpz.tzghosting.net
RemediationSpectreMeltdown,abn-tpz-dc-01.tpz.tzghosting.net
RemediationSpectreMeltdown,abn-tpz-dc-02.tpz.tzghosting.net
RemediationSpectreMeltdown,abn-tpz-sql-t35.tpz.tzghosting.net
RemediationSpectreMeltdown,abn-tpz-app-t97.tpz.tzghosting.net
RemediationSpectreMeltdown,abn-tpz-app-t98.tpz.tzghosting.net
RemediationSpectreMeltdown,abn-nhp-dc-01.nhp.tzghosting.net
RemediationSpectreMeltdown,abn-nhp-dc-02.nhp.tzghosting.net
RemediationSpectreMeltdown,abn-avc-dfs-01.avc.tzghosting.net
RemediationSpectreMeltdown,abn-nwh-dc-01.nwh.tzghosting.net
RemediationSpectreMeltdown,abn-nwh-dc-02.nwh.tzghosting.net
RemediationSpectreMeltdown,abn-swh-dc-01.swh.tzghosting.net
RemediationSpectreMeltdown,abn-swh-dc-02.swh.tzghosting.net
RemediationSpectreMeltdown,abnwmkappt05res.wmk.tzghosting.net
RemediationSpectreMeltdown,abn-shp-dc-01.shp.tzghosting.net
RemediationSpectreMeltdown,abn-shp-dc-02.shp.tzghosting.net
RemediationSpectreMeltdown,abn-bri-dc-04.bri.tzghosting.net
RemediationSpectreMeltdown,abn-bri-xen-t02.bri.tzghosting.net
RemediationSpectreMeltdown,abn-bri-app-t24.bri.tzghosting.net
RemediationSpectreMeltdown,abn-bri-app-t25.bri.tzghosting.net
RemediationSpectreMeltdown,abn-bri-app-t59.bri.tzghosting.net
RemediationSpectreMeltdown,abn-bri-web-t13.bri.tzghosting.net
RemediationSpectreMeltdown,abn-bri-sql-d01.bri.tzghosting.net
RemediationSpectreMeltdown,abn-aet-dc-01.aet.tzghosting.net
RemediationSpectreMeltdown,abn-aet-dc-02.aet.tzghosting.net
RemediationSpectreMeltdown,abn-aet-dfs-01.aet.tzghosting.net
RemediationSpectreMeltdown,abn-php-dc-01.php.tzghosting.net
RemediationSpectreMeltdown,abn-php-dc-02.php.tzghosting.net
RemediationSpectreMeltdown,abn-php-hpa-t01.php.tzghosting.net
RemediationSpectreMeltdown,abn-aah-dc-01.aah.tzghosting.net
RemediationSpectreMeltdown,abn-aah-dfs-01.aah.tzghosting.net
RemediationSpectreMeltdown,abn-mhh-dc-01.mhh.tzghosting.net
RemediationSpectreMeltdown,abn-mhh-dc-02.mhh.tzghosting.net
RemediationSpectreMeltdown,abn-vhp-dc-01.vhp.tzghosting.net
RemediationSpectreMeltdown,abn-vhp-dc-02.vhp.tzghosting.net
RemediationSpectreMeltdown,abn-vhp-dfs-01.vhp.tzghosting.net
RemediationSpectreMeltdown,abn-vhp-zdc-01.vhp.tzghosting.net
RemediationSpectreMeltdown,abn-vhp-zdc-02.vhp.tzghosting.net
RemediationSpectreMeltdown,abn-vhp-cwi-01.vhp.tzghosting.net
RemediationSpectreMeltdown,abn-vhp-cwi-02.vhp.tzghosting.net
RemediationSpectreMeltdown,abn-b01-dc-01.b01.tzghosting.net
RemediationSpectreMeltdown,abn-b01-dc-02.b01.tzghosting.net
RemediationSpectreMeltdown,abn-b01-dfs-01.b01.tzghosting.net
RemediationSpectreMeltdown,abn-b01-app-t11.b01.tzghosting.net
RemediationSpectreMeltdown,abn-b01-ihm-t04.b01.tzghosting.net
RemediationSpectreMeltdown,abn-b01-sql-t12.b01.tzghosting.net
RemediationSpectreMeltdown,abn-b01-sql-t13.b01.tzghosting.net
RemediationSpectreMeltdown,abn-b02-dc-01.b02.tzghosting.net
RemediationSpectreMeltdown,abn-b02-dc-02.b02.tzghosting.net
RemediationSpectreMeltdown,abn-b02-dfs-01.b02.tzghosting.net
RemediationSpectreMeltdown,abn-b03-dc-01.b03.tzghosting.net
RemediationSpectreMeltdown,abn-b03-dc-02.b03.tzghosting.net
RemediationSpectreMeltdown,abn-b03-dfs-01.b03.tzghosting.net
RemediationSpectreMeltdown,abn-ahw-zdc-02.ahw.tzghosting.net
RemediationSpectreMeltdown,abn-tix-dc-01.tix.tzghosting.net
RemediationSpectreMeltdown,abn-tix-dc-02.tix.tzghosting.net
RemediationSpectreMeltdown,abn-tix-dfs-01.tix.tzghosting.net
RemediationSpectreMeltdown,abn-qic-dc-01.qic.tzghosting.net
RemediationSpectreMeltdown,abn-qic-dc-02.qic.tzghosting.net
RemediationSpectreMeltdown,abn-qic-sql-t04.qic.tzghosting.net
RemediationSpectreMeltdown,abn-sph-dc-01.sph.tzghosting.net
RemediationSpectreMeltdown,abn-sph-dc-02.sph.tzghosting.net
RemediationSpectreMeltdown,abn-nbh-dc-01.nbh.tzghosting.net
RemediationSpectreMeltdown,abn-nbh-dc-02.nbh.tzghosting.net
RemediationSpectreMeltdown,abn-sch-dc-01.sch.tzghosting.net
RemediationSpectreMeltdown,abn-sch-dc-02.sch.tzghosting.net
RemediationSpectreMeltdown,abn-sdb-app-01.sdb.tzghosting.net
RemediationSpectreMeltdown,abn-hzn-dc-01.hzn.tzghosting.net
RemediationSpectreMeltdown,abn-hzn-dc-02.hzn.tzghosting.net
RemediationSpectreMeltdown,abn-hzn-dfs-01.hzn.tzghosting.net
RemediationSpectreMeltdown,abn-hzn-adc-01.hzn.tzghosting.net
RemediationSpectreMeltdown,abn-hzn-adc-02.hzn.tzghosting.net
RemediationSpectreMeltdown,abn-hzn-csf-01.hzn.tzghosting.net
RemediationSpectreMeltdown,abn-hzn-csf-02.hzn.tzghosting.net
RemediationSpectreMeltdown,abn-hzn-xen-t02.hzn.tzghosting.net
RemediationSpectreMeltdown,abn-hzn-xen-t03.hzn.tzghosting.net
RemediationSpectreMeltdown,abn-hzn-xen-t14.hzn.tzghosting.net
RemediationSpectreMeltdown,abn-hzn-xen-t16.hzn.tzghosting.net
RemediationSpectreMeltdown,abn-hzn-xen-t17.hzn.tzghosting.net
RemediationSpectreMeltdown,abn-hzn-xen-t18.hzn.tzghosting.net
RemediationSpectreMeltdown,abn-hzn-xen-t20.hzn.tzghosting.net
RemediationSpectreMeltdown,abn-hzn-xen-t21.hzn.tzghosting.net
RemediationSpectreMeltdown,abn-hzn-xen-t22.hzn.tzghosting.net
RemediationSpectreMeltdown,abn-hzn-xen-t23.hzn.tzghosting.net
RemediationSpectreMeltdown,abn-hzn-xen-t25.hzn.tzghosting.net
RemediationSpectreMeltdown,abn-hzn-xen-t26.hzn.tzghosting.net
RemediationSpectreMeltdown,abn-hzn-xen-t32.hzn.tzghosting.net
RemediationSpectreMeltdown,abn-hzn-xen-t33.hzn.tzghosting.net
RemediationSpectreMeltdown,abn-hzn-xen-t36.hzn.tzghosting.net
RemediationSpectreMeltdown,abn-hzn-xen-t28.hzn.tzghosting.net
RemediationSpectreMeltdown,abn-hzn-xen-t29.hzn.tzghosting.net
RemediationSpectreMeltdown,abn-hzn-xen-t30.hzn.tzghosting.net
RemediationSpectreMeltdown,abn-hzn-xen-t31.hzn.tzghosting.net
RemediationSpectreMeltdown,abn-hzn-xen-t37.hzn.tzghosting.net
RemediationSpectreMeltdown,abn-hzn-xen-t38.hzn.tzghosting.net
RemediationSpectreMeltdown,abn-hzn-xen-t40.hzn.tzghosting.net
RemediationSpectreMeltdown,abn-hzn-xen-t41.hzn.tzghosting.net
RemediationSpectreMeltdown,abn-vib-dfs-01.vib.tzghosting.net
RemediationSpectreMeltdown,abn-emb-web-05.emb.tzghosting.net
RemediationSpectreMeltdown,abn-emb-web-06.emb.tzghosting.net
RemediationSpectreMeltdown,abn-emb-web-07.emb.tzghosting.net
RemediationSpectreMeltdown,abn-emb-web-02.emb.tzghosting.net
RemediationSpectreMeltdown,abn-emb-sql-01.emb.tzghosting.net
RemediationSpectreMeltdown,abn-emb-web-03.emb.tzghosting.net
RemediationSpectreMeltdown,abn-emb-cae-t10.emb.tzghosting.net
RemediationSpectreMeltdown,abn-emb-xen-tb6.emb.tzghosting.net
RemediationSpectreMeltdown,abn-emb-xen-d09.emb.tzghosting.net
RemediationSpectreMeltdown,abn-emb-xen-d10.emb.tzghosting.net
RemediationSpectreMeltdown,abn-emb-xen-d12.emb.tzghosting.net
RemediationSpectreMeltdown,abn-emb-xen-d11.emb.tzghosting.net
RemediationSpectreMeltdown,abn-cmb-xen-t53.cmb.tzghosting.net
RemediationSpectreMeltdown,abn-cmb-xen-t54.cmb.tzghosting.net
RemediationSpectreMeltdown,abn-cmb-xen-t55.cmb.tzghosting.net
RemediationSpectreMeltdown,abn-cmb-app-t47.cmb.tzghosting.net
RemediationSpectreMeltdown,abn-cmb-app-t48.cmb.tzghosting.net
RemediationSpectreMeltdown,abn-cmb-app-t49.cmb.tzghosting.net
RemediationSpectreMeltdown,abn-cmb-app-t50.cmb.tzghosting.net
RemediationSpectreMeltdown,abn-cmb-was-t42.cmb.tzghosting.net
RemediationSpectreMeltdown,abn-cmb-was-t43.cmb.tzghosting.net
