Domain,TimeZone
services.tzghosting.net,(UTC-07:00) Mountain Time (US & Canada)
a01.tzghosting.net,
srigovernment.tzghosting.net,
cmb.tzghosting.net,(UTC-07:00) Mountain Time (US & Canada)
uam.tzghosting.net,(UTC-07:00) Mountain Time (US & Canada)
dhh.tzghosting.net,(UTC-07:00) Mountain Time (US & Canada)
swh.tzghosting.net,(UTC-07:00) Mountain Time (US & Canada)
AET.tzghosting.net,(UTC-07:00) Mountain Time (US & Canada)
hnt.tzghosting.net,(UTC-07:00) Mountain Time (US & Canada)
php.tzghosting.net,(UTC-07:00) Mountain Time (US & Canada)
rhc.tzghosting.net,(UTC-07:00) Mountain Time (US & Canada)
lac.tzghosting.net,(UTC-08:00) Pacific Time (US & Canada)
dhp.tzghosting.net,(UTC-06:00) Central Time (US & Canada)
ich.tzghosting.net,(UTC-06:00) Central Time (US & Canada)
nwh.tzghosting.net,(UTC-07:00) Mountain Time (US & Canada)
hsn.tzghosting.net,(UTC-05:00) Eastern Time (US & Canada)
bri.tzghosting.net,(UTC-07:00) Mountain Time (US & Canada)
kmh.tzghosting.net,(UTC-07:00) Mountain Time (US & Canada)
shp.tzghosting.net,(UTC-05:00) Eastern Time (US & Canada)
AHP.tzghosting.net,(UTC-07:00) Mountain Time (US & Canada)
txc.tzghosting.net,(UTC-06:00) Central Time (US & Canada)
wmk.tzghosting.net,(UTC-07:00) Mountain Time (US & Canada)
wha.tzghosting.net,(UTC-07:00) Mountain Time (US & Canada)
FHP.tzghosting.net,(UTC-07:00) Mountain Time (US & Canada)
GHP.tzghosting.net,(UTC-07:00) Mountain Time (US & Canada)
AAH.tzghosting.net,(UTC-07:00) Mountain Time (US & Canada)
ohd.tzghosting.net,(UTC-07:00) Mountain Time (US & Canada)
vhp.tzghosting.net,(UTC-07:00) Mountain Time (US & Canada)
CIG.tzghosting.net,(UTC-07:00) Mountain Time (US & Canada)
ils.tzghosting.net,(UTC-07:00) Mountain Time (US & Canada)
IHP.tzghosting.net,(UTC-07:00) Mountain Time (US & Canada)
SCH.tzghosting.net,(UTC-08:00) Pacific Time (US & Canada)
TIX.tzghosting.net,(UTC-07:00) Mountain Time (US & Canada)
b01.tzghosting.net,(UTC-07:00) Mountain Time (US & Canada)
QIC.tzghosting.net,(UTC-07:00) Mountain Time (US & Canada)
csh.tzghosting.net,(UTC-07:00) Mountain Time (US & Canada)
b02.tzghosting.net,(UTC-07:00) Mountain Time (US & Canada)
qca.tzghosting.net,(UTC-07:00) Mountain Time (US & Canada)
ahw.tzghosting.net,(UTC-08:00) Pacific Time (US & Canada)
avc.tzghosting.net,(UTC-07:00) Mountain Time (US & Canada)
NBH.tzghosting.net,(UTC-07:00) Mountain Time (US & Canada)
csfwindom.net,(GMT-07:00) Mountain Time (US & Canada)
tzghsp.net,(UTC-07:00) Mountain Time (US & Canada)
uic01.tzghosting.net,
cust.tzghsp.net,(UTC-07:00) Mountain Time (US & Canada)
topaz.tpzhsp.net,(UTC-07:00) Mountain Time (US & Canada)
uha.tzghosting.net,(UTC-07:00) Mountain Time (US & Canada)
b03.tzghosting.net,(UTC-07:00) Mountain Time (US & Canada)
sol.tzghosting.net,
mmm.tzghosting.net,(UTC-04:00) Georgetown, La Paz, Manaus, San Juan
coa.tzghosting.net,(UTC-07:00) Mountain Time (US & Canada)
CWH.tzghosting.net,(UTC-07:00) Mountain Time (US & Canada)
tpz.tzghosting.net,(UTC-07:00) Mountain Time (US & Canada)
bcn.tzghosting.net,(UTC-05:00) Eastern Time (US & Canada)
SPH.tzghosting.net,(UTC-07:00) Mountain Time (US & Canada)
VPH.tzghosting.net,(UTC-05:00) Eastern Time (US & Canada)
a02.tzghosting.net,Error
cvs.tzghsp.net,(UTC-07:00) Mountain Time (US & Canada)
mhh.tzghosting.net,(UTC-07:00) Mountain Time (US & Canada)
fal.tzghosting.net,(UTC-05:00) Eastern Time (US & Canada)
lhp.tzghosting.net,(UTC-07:00) Mountain Time (US & Canada)
tpzhsp.net,(UTC-07:00) Mountain Time (US & Canada)
pmp.tzghosting.net,(UTC-05:00) Eastern Time (US & Canada)
SMH.tzghosting.net,(UTC-07:00) Mountain Time (US & Canada)
uic02.tzghosting.net,
demo.tzghosting.net,(UTC-07:00) Mountain Time (US & Canada)
UHN.tzghosting.net,(UTC-07:00) Mountain Time (US & Canada)
nhp.tzghosting.net,(UTC-05:00) Eastern Time (US & Canada)
slb.tzghosting.net,(UTC-06:00) Central Time (US & Canada)
solutions.trizetto.net,(UTC-07:00) Mountain Time (US & Canada)
custhsp.tzghosting.net,(UTC-07:00) Mountain Time (US & Canada)
trizetto.net,(UTC-07:00) Mountain Time (US & Canada)
trgsolutions.net,(GMT-07:00) Mountain Time (US & Canada)
vhi.tzghosting.net,(UTC-07:00) Mountain Time (US & Canada)
cvh.tzghosting.net,(UTC-07:00) Mountain Time (US & Canada)
hzn.tzghosting.net,(UTC-05:00) Eastern Time (US & Canada)
ams.tzghosting.net,(UTC-07:00) Mountain Time (US & Canada)
hpa.tzghosting.net,(UTC-07:00) Mountain Time (US & Canada)
AHC.tzghosting.net,
mas.tzghosting.net,(UTC-07:00) Mountain Time (US & Canada)
CMC.tzghosting.net,(UTC-07:00) Mountain Time (US & Canada)
VIB.tzghosting.net,(UTC-07:00) Mountain Time (US & Canada)
MHP.tzghosting.net,(UTC-05:00) Eastern Time (US & Canada)
ATR.tzghosting.net,(UTC-07:00) Mountain Time (US & Canada)
EMB.tzghosting.net,(UTC-05:00) Eastern Time (US & Canada)
SAAS.tzghosting.net,(UTC-07:00) Mountain Time (US & Canada)
PRH.tzghosting.net,(UTC-07:00) Mountain Time (US & Canada)
HDV.tzghosting.net,(UTC-07:00) Mountain Time (US & Canada)
UHP.tzghosting.net,(UTC-07:00) Mountain Time (US & Canada)
OTS.tzghosting.net,(UTC-07:00) Mountain Time (US & Canada)
FCI.tzghosting.net,(UTC-08:00) Pacific Time (US & Canada)
UHG.tzghosting.net,(UTC-07:00) Mountain Time (US & Canada)
custft.tzghosting.net,(UTC-07:00) Mountain Time (US & Canada)
SDB.tzghosting.net,(UTC-07:00) Mountain Time (US & Canada)
THR.tzghosting.net,(UTC-07:00) Mountain Time (US & Canada)
GHS.tzghosting.net,(UTC-07:00) Mountain Time (US & Canada)
