Server,Domain,FQDN
nwh.tzghosting.net,Not in SCCM
wha.tzghosting.net,Not in SCCM
dhh.tzghosting.net,Not in SCCM
SPH.tzghosting.net,Not in SCCM
nhp.tzghosting.net,Not in SCCM
hnt.tzghosting.net,Not in SCCM
rhc.tzghosting.net,Not in SCCM
FHP.tzghosting.net,Not in SCCM
CIG.tzghosting.net,Not in SCCM
SCH.tzghosting.net,Not in SCCM
NBH.tzghosting.net,Not in SCCM
uha.tzghosting.net,Not in SCCM
clh.tzghosting.net,Not in SCCM
lhp.tzghosting.net,Not in SCCM
pmp.tzghosting.net,Not in SCCM
SMH.tzghosting.net,Not in SCCM
UHN.tzghosting.net,Not in SCCM
vhi.tzghosting.net,Not in SCCM
ich.tzghosting.net,Not in SCCM
uam.tzghosting.net,Not in SCCM
shp.tzghosting.net,Not in SCCM
swh.tzghosting.net,Not in SCCM
dhp.tzghosting.net,Not in SCCM
AHP.tzghosting.net,Not in SCCM
GHP.tzghosting.net,Not in SCCM
vhp.tzghosting.net,Not in SCCM
ils.tzghosting.net,Not in SCCM
IHP.tzghosting.net,Not in SCCM
csh.tzghosting.net,Not in SCCM
mmm.tzghosting.net,Not in SCCM
php.tzghosting.net,Not in SCCM
cmb.tzghosting.net,Not in SCCM
ahw.tzghosting.net,Not in SCCM
txc.tzghosting.net,Not in SCCM
bcn.tzghosting.net,Not in SCCM
mhh.tzghosting.net,Not in SCCM
fal.tzghosting.net,Not in SCCM
wmk.tzghosting.net,Not in SCCM
cust.tzghsp.net,Not in SCCM
CWH.tzghosting.net,Not in SCCM
demo.tzghosting.net,Not in SCCM
EMB.tzghosting.net,Not in SCCM
hsn.tzghosting.net,Not in SCCM
lac.tzghosting.net,Not in SCCM
bri.tzghosting.net,Not in SCCM
qca.tzghosting.net,Not in SCCM
VPH.tzghosting.net,Not in SCCM
cvs.tzghsp.net,Not in SCCM
slb.tzghosting.net,Not in SCCM
SDB.tzghosting.net,Not in SCCM
QIC.tzghosting.net,Not in SCCM
topaz.tpzhsp.net,Not in SCCM
tpz.tzghosting.net,Not in SCCM
custhsp.tzghosting.net,Not in SCCM
coa.tzghosting.net,Not in SCCM
kmh.tzghosting.net,Not in SCCM
hzn.tzghosting.net,Not in SCCM
SAAS.tzghosting.net,Not in SCCM
cvh.tzghosting.net,Not in SCCM
ams.tzghosting.net,Not in SCCM
CMC.tzghosting.net,Not in SCCM
VIB.tzghosting.net,Not in SCCM
MHP.tzghosting.net,Not in SCCM
ATR.tzghosting.net,Not in SCCM
HDV.tzghosting.net,Not in SCCM
UHP.tzghosting.net,Not in SCCM
AZC.tzghosting.net,Not in SCCM
OTS.tzghosting.net,Not in SCCM
FCI.tzghosting.net,Not in SCCM
UHG.tzghosting.net,Not in SCCM
mas.tzghosting.net,Not in SCCM
ohd.tzghosting.net,Not in SCCM
Services.tzghosting.net,Not in SCCM
